file_name	date_uploaded	experiment
21AsCYRyloQTkKkZ7YWmuzq8b1GTFq57.jpeg	2016-02-20	1
2ECs2uRVwiEVbRoGtQOVEhJTbr4oR2gr.jpg	2016-02-13	1
2JNoi7dXsjoUq3FGpoJLCSRvqtfzfbOG.jpeg	2016-02-13	2
5uojjh5LLBbJ9oaLvUkS6kIQNul4QUxT.jpg	2016-02-13	1
6jcsFyd1h5Nku5KgJJcVomWwbza3HTPx.jpeg	2016-02-13	2
6rkgiBaWwBZblHlGoNq1xzmda0DYyn5j.jpg	2016-02-20	1
AbLHh3nRxE4FM1fCAQEoWLpsonqfcdDH.jpeg	2016-02-20	2
AD1vX039HzlUfHiU8LfCp4aTo9lrUz4Y.jpg	2016-02-13	2
BWmF2gICBsAd8rjG1SQwGSOnyOkr70TS.jpg	2016-02-13	1
EHoq6GkCkCMrM1haQ3oQyEEojA9ezdvR.jpeg	2016-02-13	1
fG8aoWlHv52LSxf8BiGIVuQyHFDLNjjq.jpg	2016-02-20	1
fsblmv0vHz6MAreA3TsT91bZCJmqjf5x.jpg	2016-02-13	1
G2Wh4hWlGd4q2NO9ePNlWeW0xc2mKqXn.jpg	2016-02-20	1
iRftVjvjsCr48QrgJVDT7BjKppgzvJme.jpeg	2016-02-13	2
ixmBIX02LqRJ8WXuZP6FDzBbYXuHPGC9.jpeg	2016-02-20	1
KMBLzr7YdtZmtwXMpAAEYwR2wbd7LkSO.jpg	2016-02-13	1
lSsXR34imgqQfGL0DgqOWjGxrWxlrpeu.jpg	2016-02-13	1
pCbFWLxYLOiomChA5E518rNxqJFcFwJF.jpg	2016-02-20	1
PKEg7tktBvtTwi65QQGEZrWmStyFzzId.jpeg	2016-02-13	1
rEY3Ssc1U3ZnPIiOVjYFU95IpwULi2bN.jpeg	2016-02-20	1
rnGtSviiHVi6eim8cQZlyqOeekQNJwx2.jpg	2016-02-20	1
t5dH8DvHhqCoblrADiQqrhn23rSwehV1.jpg	2016-02-13	1
Uer3s8riojyLp84TWWZNXln6dCFonHwN.jpg	2016-02-20	2
UTO5RfHOvvoLSONk68UfbAywyqC3Jqwd.jpeg	2016-02-20	2
WOTYAEBxsiGrakUnt6stlFY4V32jDMC5.jpeg	2016-02-13	1
wTISz2tq5XNUCRWZRCpIuQ7EdMWOvb6y.jpg	2016-02-13	1
XsHzkUK45SJanF565IGNKsjjxhaurD1D.jpeg	2016-02-20	2
YWFnDopUqJsLtfvoIkSYAubjSNkJsuu3.jpeg	2016-02-13	1
ZowHlpxliQQfB0rDl4YHpqAnfhHHeOms.jpeg	2016-02-20	1
